feature,importance
ret1_max_24,0.1016403589635619
ret1_min_12,0.09287435759769834
vol_std_6,0.09031693036737458
vol_mean_24,0.0807326718999836
vol_std_24,0.07275927617682275
ret1_min_24,0.06200382811807706
ret1_max_6,0.06024078497871266
ret1_max_12,0.05955313784500051
vol_std_12,0.042406221394262665
ret1_std_12,0.04134104372713796
ret1_mean_24,0.03713657169519489
rsi14,0.03604392022721031
ret1_min_3,0.03043961425990303
macd_hist,0.0262671714149339
vol_mean_12,0.021787579622280777
macd_signal,0.018468990562689743
ret1_max_3,0.018154473157151126
vol_mean_6,0.01475590551460662
ret1_std_24,0.013954104377474437
ret1_min_6,0.011931813335285224
vol_z_12,0.009097416400838648
vol_z_24,0.008114168506134443
pct_b,0.00804035322284981
upper_wick,0.007285514720075003
lower_wick,0.007218365368725008
macd,0.006955405952115532
ret1_mean_12,0.0055424632622927935
ret1_std_3,0.004570936259932635
ret1_std_6,0.0032613808353618855
ret1_mean_3,0.002651901134741365
ret1,0.0012238356194929274
vol_z_6,0.0012143892864745316
range_pct,0.00110167859413851
ret1_mean_6,0.0009134356014649871
body_pct,0.0
