timestamp,equity
1970-01-01 00:00:00.000003841,1.0
1970-01-01 00:00:00.000003842,1.0
1970-01-01 00:00:00.000003843,1.0
1970-01-01 00:00:00.000003844,1.0
1970-01-01 00:00:00.000003845,1.0
1970-01-01 00:00:00.000003846,1.0
1970-01-01 00:00:00.000003847,1.0
1970-01-01 00:00:00.000003848,1.0
1970-01-01 00:00:00.000003849,1.0
1970-01-01 00:00:00.000003850,1.0
1970-01-01 00:00:00.000003851,1.0
1970-01-01 00:00:00.000003852,1.0
1970-01-01 00:00:00.000003853,1.0
1970-01-01 00:00:00.000003854,1.0
1970-01-01 00:00:00.000003855,1.0
1970-01-01 00:00:00.000003856,1.0
1970-01-01 00:00:00.000003857,1.0
1970-01-01 00:00:00.000003858,1.0
1970-01-01 00:00:00.000003859,1.0
1970-01-01 00:00:00.000003860,1.0
1970-01-01 00:00:00.000003861,1.0
1970-01-01 00:00:00.000003862,1.0
1970-01-01 00:00:00.000003863,1.0
1970-01-01 00:00:00.000003864,1.0
1970-01-01 00:00:00.000003865,1.0
1970-01-01 00:00:00.000003866,1.0
1970-01-01 00:00:00.000003867,1.0
1970-01-01 00:00:00.000003868,1.0
1970-01-01 00:00:00.000003869,1.0
1970-01-01 00:00:00.000003870,1.0
1970-01-01 00:00:00.000003871,1.0
1970-01-01 00:00:00.000003872,1.0
1970-01-01 00:00:00.000003873,1.0
1970-01-01 00:00:00.000003874,1.0
1970-01-01 00:00:00.000003875,1.0
1970-01-01 00:00:00.000003876,1.0
1970-01-01 00:00:00.000003877,1.0
1970-01-01 00:00:00.000003878,1.0
1970-01-01 00:00:00.000003879,1.0
1970-01-01 00:00:00.000003880,1.0
1970-01-01 00:00:00.000003881,1.0
1970-01-01 00:00:00.000003882,1.0
1970-01-01 00:00:00.000003883,1.0
1970-01-01 00:00:00.000003884,1.0
1970-01-01 00:00:00.000003885,1.0
1970-01-01 00:00:00.000003886,1.0
1970-01-01 00:00:00.000003887,1.0
1970-01-01 00:00:00.000003888,1.0
1970-01-01 00:00:00.000003889,1.0
1970-01-01 00:00:00.000003890,1.0
1970-01-01 00:00:00.000003891,1.0
1970-01-01 00:00:00.000003892,1.0
1970-01-01 00:00:00.000003893,1.0
1970-01-01 00:00:00.000003894,1.0023323597857374
1970-01-01 00:00:00.000003895,1.006768303594101
1970-01-01 00:00:00.000003896,1.004878266586873
1970-01-01 00:00:00.000003897,1.0031346990250802
1970-01-01 00:00:00.000003898,1.0011668369646134
1970-01-01 00:00:00.000003899,0.9956876668473583
1970-01-01 00:00:00.000003900,1.0017472400402287
1970-01-01 00:00:00.000003901,1.0043911861941457
1970-01-01 00:00:00.000003902,0.9982895841034763
1970-01-01 00:00:00.000003903,0.9955582953302861
1970-01-01 00:00:00.000003904,0.9958494654699468
1970-01-01 00:00:00.000003905,0.9972580652430697
1970-01-01 00:00:00.000003906,0.9953429288139098
1970-01-01 00:00:00.000003907,0.9961440046595312
1970-01-01 00:00:00.000003908,0.998105633977639
1970-01-01 00:00:00.000003909,1.0001932657628954
1970-01-01 00:00:00.000003910,0.9974817701580071
1970-01-01 00:00:00.000003911,0.9959827956206793
1970-01-01 00:00:00.000003912,0.9949478234841008
1970-01-01 00:00:00.000003913,0.9942065482746261
1970-01-01 00:00:00.000003914,0.9989401476437536
1970-01-01 00:00:00.000003915,0.9967722482440636
1970-01-01 00:00:00.000003916,1.0011925259702819
1970-01-01 00:00:00.000003917,1.0029098149426692
1970-01-01 00:00:00.000003918,1.0039331638570104
1970-01-01 00:00:00.000003919,1.0028249991108384
1970-01-01 00:00:00.000003920,1.0040442582782463
1970-01-01 00:00:00.000003921,1.001424063926292
1970-01-01 00:00:00.000003922,1.000599488957452
1970-01-01 00:00:00.000003923,0.9999417661860865
1970-01-01 00:00:00.000003924,1.000308739949032
1970-01-01 00:00:00.000003925,0.9983841701800855
1970-01-01 00:00:00.000003926,0.9969171173907853
1970-01-01 00:00:00.000003927,0.9960799927109796
1970-01-01 00:00:00.000003928,0.9951383432572893
1970-01-01 00:00:00.000003929,0.9951331212299076
1970-01-01 00:00:00.000003930,0.9937854170341566
1970-01-01 00:00:00.000003931,0.9946184988540537
1970-01-01 00:00:00.000003932,0.9937639393408927
1970-01-01 00:00:00.000003933,0.9951876156124245
1970-01-01 00:00:00.000003934,0.9960364477407153
1970-01-01 00:00:00.000003935,0.9952034501470663
1970-01-01 00:00:00.000003936,0.9928762789122307
1970-01-01 00:00:00.000003937,0.9908915716021451
1970-01-01 00:00:00.000003938,0.9915115610143648
1970-01-01 00:00:00.000003939,0.9921091462445913
1970-01-01 00:00:00.000003940,0.9908305917985253
1970-01-01 00:00:00.000003941,0.9914046779055337
1970-01-01 00:00:00.000003942,0.9922039849999451
1970-01-01 00:00:00.000003943,0.9914065308829918
1970-01-01 00:00:00.000003944,0.9908407831745448
1970-01-01 00:00:00.000003945,0.993576620165132
1970-01-01 00:00:00.000003946,0.9927446332864601
1970-01-01 00:00:00.000003947,0.992038901553681
1970-01-01 00:00:00.000003948,0.9913177564175006
1970-01-01 00:00:00.000003949,0.9915118136931091
1970-01-01 00:00:00.000003950,0.9901637725923657
1970-01-01 00:00:00.000003951,0.9935716508164947
1970-01-01 00:00:00.000003952,0.9947971427262614
1970-01-01 00:00:00.000003953,0.9937637708883968
1970-01-01 00:00:00.000003954,0.9930275492538077
1970-01-01 00:00:00.000003955,0.9913061331952637
1970-01-01 00:00:00.000003956,0.9910243121691413
1970-01-01 00:00:00.000003957,0.9911205827707127
1970-01-01 00:00:00.000003958,0.9931970124649726
1970-01-01 00:00:00.000003959,0.9923964419768396
1970-01-01 00:00:00.000003960,0.9923538234953041
1970-01-01 00:00:00.000003961,0.9910059508470568
1970-01-01 00:00:00.000003962,0.9906225529657331
1970-01-01 00:00:00.000003963,0.9896212713283923
1970-01-01 00:00:00.000003964,0.9926484469111366
1970-01-01 00:00:00.000003965,0.9934944995732402
1970-01-01 00:00:00.000003966,0.9938028518675122
1970-01-01 00:00:00.000003967,0.9942065482746264
1970-01-01 00:00:00.000003968,0.9946812474088839
1970-01-01 00:00:00.000003969,0.9947119899894381
1970-01-01 00:00:00.000003970,0.9946256580851418
1970-01-01 00:00:00.000003971,0.9945272818273682
1970-01-01 00:00:00.000003972,0.9951076849029834
1970-01-01 00:00:00.000003973,0.9948290644742886
1970-01-01 00:00:00.000003974,0.995284728476477
1970-01-01 00:00:00.000003975,0.9972082033041982
1970-01-01 00:00:00.000003976,0.9963389884238688
1970-01-01 00:00:00.000003977,0.9949194392384936
1970-01-01 00:00:00.000003978,0.995412078563595
1970-01-01 00:00:00.000003979,0.9954494750177487
1970-01-01 00:00:00.000003980,0.9969018724398806
1970-01-01 00:00:00.000003981,0.9958454226100384
1970-01-01 00:00:00.000003982,0.9934142319588067
1970-01-01 00:00:00.000003983,0.9936418112811566
1970-01-01 00:00:00.000003984,0.9920731816366549
1970-01-01 00:00:00.000003985,0.9923535708165596
1970-01-01 00:00:00.000003986,0.9922890535105197
1970-01-01 00:00:00.000003987,0.9941956830886223
1970-01-01 00:00:00.000003988,0.9950488949818139
1970-01-01 00:00:00.000003989,0.9948199680394947
1970-01-01 00:00:00.000003990,0.9940380957784386
1970-01-01 00:00:00.000003991,0.9933257943983081
1970-01-01 00:00:00.000003992,0.9932179005744999
1970-01-01 00:00:00.000003993,0.9932777854368946
1970-01-01 00:00:00.000003994,0.9927424434040095
1970-01-01 00:00:00.000003995,0.9931689651243572
1970-01-01 00:00:00.000003996,0.9948894546941722
1970-01-01 00:00:00.000003997,0.9951180447314991
1970-01-01 00:00:00.000003998,0.9951167813377777
1970-01-01 00:00:00.000003999,0.992869372359887
1970-01-01 00:00:00.000004000,0.9908686620626637
1970-01-01 00:00:00.000004001,0.9894975429699424
1970-01-01 00:00:00.000004002,0.9901137422009977
1970-01-01 00:00:00.000004003,0.9902275318621727
1970-01-01 00:00:00.000004004,0.9927992961214731
1970-01-01 00:00:00.000004005,0.9914638889579436
1970-01-01 00:00:00.000004006,0.9930203900227197
1970-01-01 00:00:00.000004007,0.9912091887837076
1970-01-01 00:00:00.000004008,0.992522023312748
1970-01-01 00:00:00.000004009,0.9944256207459191
1970-01-01 00:00:00.000004010,0.9944831472733673
1970-01-01 00:00:00.000004011,0.9955911435670431
1970-01-01 00:00:00.000004012,0.9956938153634698
1970-01-01 00:00:00.000004013,0.9967689634203889
1970-01-01 00:00:00.000004014,0.9950760158337008
1970-01-01 00:00:00.000004015,0.9954529282939212
1970-01-01 00:00:00.000004016,0.9963546545060149
1970-01-01 00:00:00.000004017,0.9968092235669779
1970-01-01 00:00:00.000004018,0.9962740499865891
1970-01-01 00:00:00.000004019,0.9959211420070754
1970-01-01 00:00:00.000004020,0.9960677799050071
1970-01-01 00:00:00.000004021,0.9970367186630797
1970-01-01 00:00:00.000004022,0.9980809556869485
1970-01-01 00:00:00.000004023,0.9980719434784023
1970-01-01 00:00:00.000004024,0.9981796688497147
1970-01-01 00:00:00.000004025,0.9978500915409231
1970-01-01 00:00:00.000004026,0.9979542794098152
1970-01-01 00:00:00.000004027,0.9975695339085222
1970-01-01 00:00:00.000004028,0.9974697769551314
1970-01-01 00:00:00.000004029,0.9974697769551314
1970-01-01 00:00:00.000004030,0.9974697769551314
1970-01-01 00:00:00.000004031,0.9974697769551314
1970-01-01 00:00:00.000004032,0.9974697769551314
1970-01-01 00:00:00.000004033,0.9974697769551314
1970-01-01 00:00:00.000004034,0.9974697769551314
1970-01-01 00:00:00.000004035,0.9974697769551314
1970-01-01 00:00:00.000004036,0.9974697769551314
1970-01-01 00:00:00.000004037,0.9974697769551314
1970-01-01 00:00:00.000004038,0.9974697769551314
1970-01-01 00:00:00.000004039,0.9974697769551314
1970-01-01 00:00:00.000004040,0.9974697769551314
1970-01-01 00:00:00.000004041,0.9974697769551314
1970-01-01 00:00:00.000004042,0.9974697769551314
1970-01-01 00:00:00.000004043,0.9974697769551314
1970-01-01 00:00:00.000004044,0.9974697769551314
1970-01-01 00:00:00.000004045,0.9974697769551314
1970-01-01 00:00:00.000004046,0.9984178006853899
1970-01-01 00:00:00.000004047,0.9997565741892516
1970-01-01 00:00:00.000004048,0.9996698667169387
1970-01-01 00:00:00.000004049,0.9992887590927707
1970-01-01 00:00:00.000004050,1.0004707499519538
1970-01-01 00:00:00.000004051,1.0015007705578132
1970-01-01 00:00:00.000004052,1.0021246084477062
1970-01-01 00:00:00.000004053,1.0020243959868615
1970-01-01 00:00:00.000004054,1.0020243959868615
1970-01-01 00:00:00.000004055,1.0020243959868615
1970-01-01 00:00:00.000004056,1.0020243959868615
1970-01-01 00:00:00.000004057,1.0020243959868615
1970-01-01 00:00:00.000004058,1.0020243959868615
1970-01-01 00:00:00.000004059,1.0020243959868615
1970-01-01 00:00:00.000004060,1.0020243959868615
1970-01-01 00:00:00.000004061,1.0020243959868615
1970-01-01 00:00:00.000004062,1.0020243959868615
1970-01-01 00:00:00.000004063,1.0020243959868615
1970-01-01 00:00:00.000004064,1.0020243959868615
1970-01-01 00:00:00.000004065,1.0020243959868615
1970-01-01 00:00:00.000004066,1.0020243959868615
1970-01-01 00:00:00.000004067,1.0020243959868615
1970-01-01 00:00:00.000004068,1.0020243959868615
1970-01-01 00:00:00.000004069,1.0020243959868615
1970-01-01 00:00:00.000004070,1.0020243959868615
1970-01-01 00:00:00.000004071,1.0020243959868615
1970-01-01 00:00:00.000004072,1.0020243959868615
1970-01-01 00:00:00.000004073,1.0020243959868615
1970-01-01 00:00:00.000004074,1.0020243959868615
1970-01-01 00:00:00.000004075,1.0020243959868615
1970-01-01 00:00:00.000004076,1.0020243959868615
1970-01-01 00:00:00.000004077,1.0020243959868615
1970-01-01 00:00:00.000004078,1.0020243959868615
1970-01-01 00:00:00.000004079,1.0020243959868615
1970-01-01 00:00:00.000004080,1.0020243959868615
1970-01-01 00:00:00.000004081,1.0020243959868615
1970-01-01 00:00:00.000004082,1.0020243959868615
1970-01-01 00:00:00.000004083,1.0020243959868615
1970-01-01 00:00:00.000004084,1.0020243959868615
1970-01-01 00:00:00.000004085,1.0020243959868615
1970-01-01 00:00:00.000004086,1.0020243959868615
1970-01-01 00:00:00.000004087,1.0020243959868615
1970-01-01 00:00:00.000004088,1.0020243959868615
1970-01-01 00:00:00.000004089,1.0020243959868615
1970-01-01 00:00:00.000004090,1.0020243959868615
1970-01-01 00:00:00.000004091,1.0020243959868615
1970-01-01 00:00:00.000004092,1.0020243959868615
1970-01-01 00:00:00.000004093,1.0020243959868615
1970-01-01 00:00:00.000004094,1.0020243959868615
1970-01-01 00:00:00.000004095,1.0020243959868615
1970-01-01 00:00:00.000004096,1.0020243959868615
1970-01-01 00:00:00.000004097,1.0020243959868615
1970-01-01 00:00:00.000004098,1.0020243959868615
1970-01-01 00:00:00.000004099,1.0020243959868615
1970-01-01 00:00:00.000004100,1.0020243959868615
1970-01-01 00:00:00.000004101,1.0020243959868615
1970-01-01 00:00:00.000004102,1.0020243959868615
1970-01-01 00:00:00.000004103,1.0020243959868615
1970-01-01 00:00:00.000004104,1.0020243959868615
1970-01-01 00:00:00.000004105,1.0020243959868615
1970-01-01 00:00:00.000004106,1.0020243959868615
1970-01-01 00:00:00.000004107,1.0020243959868615
1970-01-01 00:00:00.000004108,1.0020243959868615
1970-01-01 00:00:00.000004109,1.0020243959868615
1970-01-01 00:00:00.000004110,1.0020243959868615
1970-01-01 00:00:00.000004111,1.0020243959868615
1970-01-01 00:00:00.000004112,1.0020243959868615
1970-01-01 00:00:00.000004113,1.0020243959868615
1970-01-01 00:00:00.000004114,1.0020243959868615
1970-01-01 00:00:00.000004115,1.0020243959868615
1970-01-01 00:00:00.000004116,1.0020243959868615
1970-01-01 00:00:00.000004117,1.0020243959868615
1970-01-01 00:00:00.000004118,1.0020243959868615
1970-01-01 00:00:00.000004119,1.0020243959868615
1970-01-01 00:00:00.000004120,1.0020243959868615
1970-01-01 00:00:00.000004121,1.0020243959868615
1970-01-01 00:00:00.000004122,1.0020243959868615
1970-01-01 00:00:00.000004123,1.0020243959868615
1970-01-01 00:00:00.000004124,1.0020243959868615
1970-01-01 00:00:00.000004125,1.0020243959868615
1970-01-01 00:00:00.000004126,1.0020243959868615
1970-01-01 00:00:00.000004127,1.0020243959868615
1970-01-01 00:00:00.000004128,1.0020243959868615
1970-01-01 00:00:00.000004129,1.0020243959868615
1970-01-01 00:00:00.000004130,1.0020243959868615
1970-01-01 00:00:00.000004131,1.0020243959868615
1970-01-01 00:00:00.000004132,1.0020243959868615
1970-01-01 00:00:00.000004133,1.0020243959868615
1970-01-01 00:00:00.000004134,1.0020243959868615
1970-01-01 00:00:00.000004135,1.0020243959868615
1970-01-01 00:00:00.000004136,1.0020243959868615
1970-01-01 00:00:00.000004137,1.0020243959868615
1970-01-01 00:00:00.000004138,1.0020243959868615
1970-01-01 00:00:00.000004139,1.0020243959868615
1970-01-01 00:00:00.000004140,1.0020243959868615
1970-01-01 00:00:00.000004141,1.0020243959868615
1970-01-01 00:00:00.000004142,1.0020243959868615
1970-01-01 00:00:00.000004143,1.0020243959868615
1970-01-01 00:00:00.000004144,1.0020243959868615
1970-01-01 00:00:00.000004145,1.0020243959868615
1970-01-01 00:00:00.000004146,1.0020243959868615
1970-01-01 00:00:00.000004147,1.0020243959868615
1970-01-01 00:00:00.000004148,1.0020243959868615
1970-01-01 00:00:00.000004149,1.0020243959868615
1970-01-01 00:00:00.000004150,1.0020243959868615
1970-01-01 00:00:00.000004151,1.0020243959868615
1970-01-01 00:00:00.000004152,1.0020243959868615
1970-01-01 00:00:00.000004153,1.0020243959868615
1970-01-01 00:00:00.000004154,1.0020243959868615
1970-01-01 00:00:00.000004155,1.0020243959868615
1970-01-01 00:00:00.000004156,1.0020243959868615
1970-01-01 00:00:00.000004157,1.0020243959868615
1970-01-01 00:00:00.000004158,1.0020243959868615
1970-01-01 00:00:00.000004159,1.0020243959868615
1970-01-01 00:00:00.000004160,1.0020243959868615
1970-01-01 00:00:00.000004161,1.0020243959868615
1970-01-01 00:00:00.000004162,1.0020243959868615
1970-01-01 00:00:00.000004163,1.0020243959868615
1970-01-01 00:00:00.000004164,1.0020243959868615
1970-01-01 00:00:00.000004165,1.0020243959868615
1970-01-01 00:00:00.000004166,1.0020243959868615
1970-01-01 00:00:00.000004167,1.0020243959868615
1970-01-01 00:00:00.000004168,1.0020243959868615
1970-01-01 00:00:00.000004169,1.0020243959868615
1970-01-01 00:00:00.000004170,1.0020243959868615
1970-01-01 00:00:00.000004171,1.0020243959868615
1970-01-01 00:00:00.000004172,1.0020243959868615
1970-01-01 00:00:00.000004173,1.0020243959868615
1970-01-01 00:00:00.000004174,1.0020243959868615
1970-01-01 00:00:00.000004175,1.0020243959868615
1970-01-01 00:00:00.000004176,1.0020243959868615
1970-01-01 00:00:00.000004177,1.0020243959868615
1970-01-01 00:00:00.000004178,1.0020243959868615
1970-01-01 00:00:00.000004179,1.0020243959868615
1970-01-01 00:00:00.000004180,1.0020243959868615
1970-01-01 00:00:00.000004181,1.0020243959868615
1970-01-01 00:00:00.000004182,1.0020243959868615
1970-01-01 00:00:00.000004183,1.0020243959868615
1970-01-01 00:00:00.000004184,1.0020243959868615
1970-01-01 00:00:00.000004185,1.0020243959868615
1970-01-01 00:00:00.000004186,1.0020243959868615
1970-01-01 00:00:00.000004187,1.0020243959868615
1970-01-01 00:00:00.000004188,1.0020243959868615
1970-01-01 00:00:00.000004189,1.0020243959868615
1970-01-01 00:00:00.000004190,1.0020243959868615
1970-01-01 00:00:00.000004191,1.0020243959868615
1970-01-01 00:00:00.000004192,1.0020243959868615
1970-01-01 00:00:00.000004193,1.0020243959868615
1970-01-01 00:00:00.000004194,1.0020243959868615
1970-01-01 00:00:00.000004195,1.0020243959868615
1970-01-01 00:00:00.000004196,1.0005855122959082
1970-01-01 00:00:00.000004197,0.9995518903554163
1970-01-01 00:00:00.000004198,0.9997548626007936
1970-01-01 00:00:00.000004199,1.0021818707544292
1970-01-01 00:00:00.000004200,1.0029471550673015
1970-01-01 00:00:00.000004201,1.0019175229618296
1970-01-01 00:00:00.000004202,1.0032652382975105
1970-01-01 00:00:00.000004203,1.000361996644683
1970-01-01 00:00:00.000004204,1.000786447178722
1970-01-01 00:00:00.000004205,1.0003843227427733
1970-01-01 00:00:00.000004206,1.0013288949612238
1970-01-01 00:00:00.000004207,0.9995631807396211
1970-01-01 00:00:00.000004208,0.9976499275123866
1970-01-01 00:00:00.000004209,0.9961683404782697
1970-01-01 00:00:00.000004210,0.9966098539237772
1970-01-01 00:00:00.000004211,0.9953858234737153
1970-01-01 00:00:00.000004212,0.9937414172147412
1970-01-01 00:00:00.000004213,0.9962022965209929
1970-01-01 00:00:00.000004214,0.9977166511363376
1970-01-01 00:00:00.000004215,0.9957610377458058
1970-01-01 00:00:00.000004216,0.9937801271034455
1970-01-01 00:00:00.000004217,0.995507895447305
1970-01-01 00:00:00.000004218,0.9942967682934779
1970-01-01 00:00:00.000004219,0.9919409829394541
1970-01-01 00:00:00.000004220,0.9929328389473967
1970-01-01 00:00:00.000004221,0.9960427031201942
1970-01-01 00:00:00.000004222,0.9955505951710292
1970-01-01 00:00:00.000004223,0.9941481257164572
1970-01-01 00:00:00.000004224,0.993254232891771
1970-01-01 00:00:00.000004225,0.9936018578791489
1970-01-01 00:00:00.000004226,0.9936421806798826
1970-01-01 00:00:00.000004227,0.9939618768221208
1970-01-01 00:00:00.000004228,0.9935495655733552
1970-01-01 00:00:00.000004229,0.9949193523368062
1970-01-01 00:00:00.000004230,0.9947422715740051
1970-01-01 00:00:00.000004231,0.9948189273404525
1970-01-01 00:00:00.000004232,0.9958348921387286
1970-01-01 00:00:00.000004233,0.9962760660238086
1970-01-01 00:00:00.000004234,0.9962139264656253
1970-01-01 00:00:00.000004235,0.9947707946498925
1970-01-01 00:00:00.000004236,0.9954197795164382
1970-01-01 00:00:00.000004237,0.9945917614146349
1970-01-01 00:00:00.000004238,0.9941559356062835
1970-01-01 00:00:00.000004239,0.9946625597637125
1970-01-01 00:00:00.000004240,0.9978614736585516
1970-01-01 00:00:00.000004241,0.9975807420753381
1970-01-01 00:00:00.000004242,0.9984494225383026
1970-01-01 00:00:00.000004243,0.9994963722255634
1970-01-01 00:00:00.000004244,0.9985452634688886
1970-01-01 00:00:00.000004245,0.9978614736585516
1970-01-01 00:00:00.000004246,0.9981966198002288
1970-01-01 00:00:00.000004247,0.996910704462304
1970-01-01 00:00:00.000004248,0.996100598173037
1970-01-01 00:00:00.000004249,0.9964401586002682
1970-01-01 00:00:00.000004250,0.9957641786797576
1970-01-01 00:00:00.000004251,0.9959965229020905
1970-01-01 00:00:00.000004252,0.99596010504627
1970-01-01 00:00:00.000004253,0.9965438943107872
1970-01-01 00:00:00.000004254,0.9959308179594211
1970-01-01 00:00:00.000004255,0.9954450767682667
1970-01-01 00:00:00.000004256,0.9952516122148517
1970-01-01 00:00:00.000004257,0.9959601899363766
1970-01-01 00:00:00.000004258,0.9945696050967577
1970-01-01 00:00:00.000004259,0.9935539798589089
1970-01-01 00:00:00.000004260,0.9945578053719113
1970-01-01 00:00:00.000004261,0.9956441440687309
1970-01-01 00:00:00.000004262,0.9953056023227813
1970-01-01 00:00:00.000004263,0.9944715570233945
1970-01-01 00:00:00.000004264,0.9943009279087108
1970-01-01 00:00:00.000004265,0.9942014978159199
1970-01-01 00:00:00.000004266,0.9942014978159199
1970-01-01 00:00:00.000004267,0.9942014978159199
1970-01-01 00:00:00.000004268,0.9942014978159199
1970-01-01 00:00:00.000004269,0.9942014978159199
1970-01-01 00:00:00.000004270,0.9942014978159199
1970-01-01 00:00:00.000004271,0.9942014978159199
1970-01-01 00:00:00.000004272,0.9942014978159199
1970-01-01 00:00:00.000004273,0.9942014978159199
1970-01-01 00:00:00.000004274,0.9942014978159199
1970-01-01 00:00:00.000004275,0.9942014978159199
1970-01-01 00:00:00.000004276,0.9942014978159199
1970-01-01 00:00:00.000004277,0.9942014978159199
1970-01-01 00:00:00.000004278,0.9942014978159199
1970-01-01 00:00:00.000004279,0.9942014978159199
1970-01-01 00:00:00.000004280,0.9942014978159199
1970-01-01 00:00:00.000004281,0.9942014978159199
1970-01-01 00:00:00.000004282,0.9942014978159199
1970-01-01 00:00:00.000004283,0.9942014978159199
1970-01-01 00:00:00.000004284,0.9942014978159199
1970-01-01 00:00:00.000004285,0.9942014978159199
1970-01-01 00:00:00.000004286,0.9942014978159199
1970-01-01 00:00:00.000004287,0.9942014978159199
1970-01-01 00:00:00.000004288,0.9942014978159199
1970-01-01 00:00:00.000004289,0.9942014978159199
1970-01-01 00:00:00.000004290,0.9942014978159199
1970-01-01 00:00:00.000004291,0.9942014978159199
1970-01-01 00:00:00.000004292,0.9942014978159199
1970-01-01 00:00:00.000004293,0.9942014978159199
1970-01-01 00:00:00.000004294,0.9942014978159199
1970-01-01 00:00:00.000004295,0.9945350281082147
1970-01-01 00:00:00.000004296,0.9943731857345942
1970-01-01 00:00:00.000004297,0.9941016125369747
1970-01-01 00:00:00.000004298,0.9941854994217308
1970-01-01 00:00:00.000004299,0.9945842586941172
1970-01-01 00:00:00.000004300,0.9945842586941172
1970-01-01 00:00:00.000004301,0.9956270828261312
1970-01-01 00:00:00.000004302,0.9955034555888995
1970-01-01 00:00:00.000004303,0.9954039052433407
1970-01-01 00:00:00.000004304,0.9954039052433407
1970-01-01 00:00:00.000004305,0.9954039052433407
1970-01-01 00:00:00.000004306,0.9954039052433407
1970-01-01 00:00:00.000004307,0.9954039052433407
1970-01-01 00:00:00.000004308,0.9954039052433407
1970-01-01 00:00:00.000004309,0.9954039052433407
1970-01-01 00:00:00.000004310,0.9954039052433407
1970-01-01 00:00:00.000004311,0.9954039052433407
1970-01-01 00:00:00.000004312,0.9954039052433407
1970-01-01 00:00:00.000004313,0.9954039052433407
1970-01-01 00:00:00.000004314,0.9954039052433407
1970-01-01 00:00:00.000004315,0.9954039052433407
1970-01-01 00:00:00.000004316,0.9954039052433407
1970-01-01 00:00:00.000004317,0.9954039052433407
1970-01-01 00:00:00.000004318,0.9954039052433407
1970-01-01 00:00:00.000004319,0.9954039052433407
1970-01-01 00:00:00.000004320,0.9954039052433407
1970-01-01 00:00:00.000004321,0.9954039052433407
1970-01-01 00:00:00.000004322,0.9954039052433407
1970-01-01 00:00:00.000004323,0.9954039052433407
1970-01-01 00:00:00.000004324,0.9954039052433407
1970-01-01 00:00:00.000004325,0.9954039052433407
1970-01-01 00:00:00.000004326,0.9954039052433407
1970-01-01 00:00:00.000004327,0.9954039052433407
1970-01-01 00:00:00.000004328,0.9954039052433407
1970-01-01 00:00:00.000004329,0.9954039052433407
1970-01-01 00:00:00.000004330,0.9954039052433407
1970-01-01 00:00:00.000004331,0.9954039052433407
1970-01-01 00:00:00.000004332,0.9954039052433407
1970-01-01 00:00:00.000004333,0.9954039052433407
1970-01-01 00:00:00.000004334,0.9954039052433407
1970-01-01 00:00:00.000004335,0.9954039052433407
1970-01-01 00:00:00.000004336,0.9954039052433407
1970-01-01 00:00:00.000004337,0.9954039052433407
1970-01-01 00:00:00.000004338,0.9954039052433407
1970-01-01 00:00:00.000004339,0.9954039052433407
1970-01-01 00:00:00.000004340,0.9954039052433407
1970-01-01 00:00:00.000004341,0.9954039052433407
1970-01-01 00:00:00.000004342,0.9954039052433407
1970-01-01 00:00:00.000004343,0.9954039052433407
1970-01-01 00:00:00.000004344,0.9954039052433407
1970-01-01 00:00:00.000004345,0.9954039052433407
1970-01-01 00:00:00.000004346,0.9954039052433407
1970-01-01 00:00:00.000004347,0.9954039052433407
1970-01-01 00:00:00.000004348,0.9954039052433407
1970-01-01 00:00:00.000004349,0.9954039052433407
1970-01-01 00:00:00.000004350,0.9954039052433407
1970-01-01 00:00:00.000004351,0.9954039052433407
1970-01-01 00:00:00.000004352,0.9954039052433407
1970-01-01 00:00:00.000004353,0.9951635968878658
1970-01-01 00:00:00.000004354,0.9951478446478981
1970-01-01 00:00:00.000004355,0.9959285121103826
1970-01-01 00:00:00.000004356,0.9956381966339889
1970-01-01 00:00:00.000004357,0.9960415725424085
1970-01-01 00:00:00.000004358,0.9957489704505358
1970-01-01 00:00:00.000004359,0.9964390201884749
1970-01-01 00:00:00.000004360,0.9962820906150334
1970-01-01 00:00:00.000004361,0.9958253603454327
1970-01-01 00:00:00.000004362,0.9956550498369648
1970-01-01 00:00:00.000004363,0.9952705596786139
1970-01-01 00:00:00.000004364,0.9955029475628683
1970-01-01 00:00:00.000004365,0.994697212019575
1970-01-01 00:00:00.000004366,0.994505221008786
1970-01-01 00:00:00.000004367,0.9949427267704689
1970-01-01 00:00:00.000004368,0.9944189224468124
1970-01-01 00:00:00.000004369,0.9947175374905008
1970-01-01 00:00:00.000004370,0.9950558718919573
1970-01-01 00:00:00.000004371,0.99636195277788
1970-01-01 00:00:00.000004372,0.9977813481642154
1970-01-01 00:00:00.000004373,0.9971907238548894
1970-01-01 00:00:00.000004374,0.9970011041490419
1970-01-01 00:00:00.000004375,0.9970230387197496
1970-01-01 00:00:00.000004376,0.9981233242125462
1970-01-01 00:00:00.000004377,0.997891021017754
1970-01-01 00:00:00.000004378,0.9977744883177779
1970-01-01 00:00:00.000004379,0.9972009712798148
1970-01-01 00:00:00.000004380,0.9971012511826868
1970-01-01 00:00:00.000004381,0.9971012511826868
1970-01-01 00:00:00.000004382,0.9971012511826868
1970-01-01 00:00:00.000004383,0.9971012511826868
1970-01-01 00:00:00.000004384,0.9971012511826868
1970-01-01 00:00:00.000004385,0.9971012511826868
1970-01-01 00:00:00.000004386,0.9971012511826868
1970-01-01 00:00:00.000004387,0.9971012511826868
1970-01-01 00:00:00.000004388,0.9971012511826868
1970-01-01 00:00:00.000004389,0.9971012511826868
1970-01-01 00:00:00.000004390,0.9971012511826868
1970-01-01 00:00:00.000004391,0.9971012511826868
1970-01-01 00:00:00.000004392,0.9963357357677979
1970-01-01 00:00:00.000004393,0.9955998791871313
1970-01-01 00:00:00.000004394,0.9959183349213153
1970-01-01 00:00:00.000004395,0.9958103177207428
1970-01-01 00:00:00.000004396,0.9958009064889817
1970-01-01 00:00:00.000004397,0.9954760070285469
1970-01-01 00:00:00.000004398,0.9946213654415992
1970-01-01 00:00:00.000004399,0.9951388136167124
1970-01-01 00:00:00.000004400,0.9959158761310353
1970-01-01 00:00:00.000004401,0.9955876700216033
1970-01-01 00:00:00.000004402,0.9953407735631516
1970-01-01 00:00:00.000004403,0.9959891311242022
1970-01-01 00:00:00.000004404,0.9957390975884971
1970-01-01 00:00:00.000004405,0.9960306762013457
1970-01-01 00:00:00.000004406,0.9955974203968514
1970-01-01 00:00:00.000004407,0.9960640818348038
1970-01-01 00:00:00.000004408,0.9963903378691862
1970-01-01 00:00:00.000004409,0.9967717895060588
1970-01-01 00:00:00.000004410,0.9975856490887087
1970-01-01 00:00:00.000004411,0.997370123402794
1970-01-01 00:00:00.000004412,0.9977044340949898
1970-01-01 00:00:00.000004413,0.9975131571683872
1970-01-01 00:00:00.000004414,0.9970485305913562
1970-01-01 00:00:00.000004415,0.9967717895060587
1970-01-01 00:00:00.000004416,0.996636216897177
1970-01-01 00:00:00.000004417,0.9965731362086165
1970-01-01 00:00:00.000004418,0.996482076182388
1970-01-01 00:00:00.000004419,0.9965596552550129
1970-01-01 00:00:00.000004420,0.9964462965445219
1970-01-01 00:00:00.000004421,0.9971147483571703
1970-01-01 00:00:00.000004422,0.9973183192351724
1970-01-01 00:00:00.000004423,0.997218587403249
1970-01-01 00:00:00.000004424,0.997218587403249
1970-01-01 00:00:00.000004425,0.997218587403249
1970-01-01 00:00:00.000004426,0.997218587403249
1970-01-01 00:00:00.000004427,0.997218587403249
1970-01-01 00:00:00.000004428,0.997218587403249
1970-01-01 00:00:00.000004429,0.997218587403249
1970-01-01 00:00:00.000004430,0.997218587403249
1970-01-01 00:00:00.000004431,0.997218587403249
1970-01-01 00:00:00.000004432,0.997218587403249
1970-01-01 00:00:00.000004433,0.997218587403249
1970-01-01 00:00:00.000004434,0.997218587403249
1970-01-01 00:00:00.000004435,0.997218587403249
1970-01-01 00:00:00.000004436,0.997218587403249
1970-01-01 00:00:00.000004437,0.997218587403249
1970-01-01 00:00:00.000004438,0.9955234005385462
1970-01-01 00:00:00.000004439,0.9964422773270275
1970-01-01 00:00:00.000004440,0.9958628452332198
1970-01-01 00:00:00.000004441,0.9955051553862077
1970-01-01 00:00:00.000004442,0.995211281141794
1970-01-01 00:00:00.000004443,0.9952518447828075
1970-01-01 00:00:00.000004444,0.9957779840595514
1970-01-01 00:00:00.000004445,0.9956602816116734
1970-01-01 00:00:00.000004446,0.9956361810383515
1970-01-01 00:00:00.000004447,0.9956846367685163
1970-01-01 00:00:00.000004448,0.9961242176481185
1970-01-01 00:00:00.000004449,0.9960246052263537
1970-01-01 00:00:00.000004450,0.9960246052263537
1970-01-01 00:00:00.000004451,0.9960246052263537
1970-01-01 00:00:00.000004452,0.9960246052263537
1970-01-01 00:00:00.000004453,0.9960246052263537
1970-01-01 00:00:00.000004454,0.9960246052263537
1970-01-01 00:00:00.000004455,0.9960246052263537
1970-01-01 00:00:00.000004456,0.9960246052263537
1970-01-01 00:00:00.000004457,0.9960246052263537
1970-01-01 00:00:00.000004458,0.9960246052263537
1970-01-01 00:00:00.000004459,0.9960246052263537
1970-01-01 00:00:00.000004460,0.9960246052263537
1970-01-01 00:00:00.000004461,0.9960246052263537
1970-01-01 00:00:00.000004462,0.9960246052263537
1970-01-01 00:00:00.000004463,0.9962679049790912
1970-01-01 00:00:00.000004464,0.9962457598340794
1970-01-01 00:00:00.000004465,0.9964111272196281
1970-01-01 00:00:00.000004466,0.9963778670784608
1970-01-01 00:00:00.000004467,0.9963617460916705
1970-01-01 00:00:00.000004468,0.9970577484845166
1970-01-01 00:00:00.000004469,0.9982734405831024
1970-01-01 00:00:00.000004470,0.9988224026069613
1970-01-01 00:00:00.000004471,0.9982965190484022
1970-01-01 00:00:00.000004472,0.9984690136070584
1970-01-01 00:00:00.000004473,0.9984953162697161
1970-01-01 00:00:00.000004474,0.9990545448167414
1970-01-01 00:00:00.000004475,0.99907694450365
1970-01-01 00:00:00.000004476,0.9983641423456225
1970-01-01 00:00:00.000004477,0.9986273386667986
1970-01-01 00:00:00.000004478,0.9991715492419194
1970-01-01 00:00:00.000004479,0.9988096755121268
1970-01-01 00:00:00.000004480,0.999055732678926
1970-01-01 00:00:00.000004481,0.9988548142751397
1970-01-01 00:00:00.000004482,0.9990239997891387
1970-01-01 00:00:00.000004483,0.9983378396829646
1970-01-01 00:00:00.000004484,0.9981094307543359
1970-01-01 00:00:00.000004485,0.9985097403105284
1970-01-01 00:00:00.000004486,0.99800379586721
1970-01-01 00:00:00.000004487,0.9983083128229489
1970-01-01 00:00:00.000004488,0.997706066695383
1970-01-01 00:00:00.000004489,0.9983083128229487
1970-01-01 00:00:00.000004490,0.9980698070657513
1970-01-01 00:00:00.000004491,0.9985609880790619
1970-01-01 00:00:00.000004492,0.9991111379651053
1970-01-01 00:00:00.000004493,0.9987749729668782
1970-01-01 00:00:00.000004494,0.9985515700288843
1970-01-01 00:00:00.000004495,0.9986946225748233
1970-01-01 00:00:00.000004496,0.9991584827578892
1970-01-01 00:00:00.000004497,0.9992058275506733
1970-01-01 00:00:00.000004498,0.999258432875989
1970-01-01 00:00:00.000004499,0.9991793551934178
1970-01-01 00:00:00.000004500,0.9987179555820199
1970-01-01 00:00:00.000004501,0.9990673567588747
1970-01-01 00:00:00.000004502,0.9990801687010081
1970-01-01 00:00:00.000004503,0.999127768035689
1970-01-01 00:00:00.000004504,0.9992584328759893
1970-01-01 00:00:00.000004505,0.9990178059363194
1970-01-01 00:00:00.000004506,0.9983293549530751
1970-01-01 00:00:00.000004507,0.9982454409744667
1970-01-01 00:00:00.000004508,0.998627168972201
1970-01-01 00:00:00.000004509,0.9984830134113761
1970-01-01 00:00:00.000004510,0.9984550138027404
1970-01-01 00:00:00.000004511,0.9987394219486406
1970-01-01 00:00:00.000004512,0.9989217587939687
1970-01-01 00:00:00.000004513,0.999258517723288
