run,horizon,thresh,allow_short,calibrate,auc_test,sharpe,cum_return,n_trades,hit_rate
h4_t060_cal_long_only,4,0.6,False,True,0.4970033935449967,0.21461355681115243,0.00037709481178560544,1,"(None, None)"
h4_t060_long_only,4,0.6,False,True,0.4970033935449967,0.21461355681115243,0.00037709481178560544,1,"(None, None)"
h4_t060_long_short,4,0.6,True,True,0.4970033935449967,0.04971337845912334,0.00022101310970290555,5,"(0.0, 1.0)"
h6_t056_cal_long_only,6,0.57,False,True,0.4927701048784879,-0.0567928752038662,-0.0021983965437278874,18,0.5
h6_t057_cal_long_only,6,0.58,False,True,0.4927701048784879,-0.0567928752038662,-0.0021983965437278874,18,0.5
h6_t059_cal_long_only,6,0.59,False,True,0.4927701048784879,-0.0567928752038662,-0.0021983965437278874,18,0.5
h6_t060_cal_long_only,6,0.6,False,True,0.4927701048784879,-0.0567928752038662,-0.0021983965437278874,18,0.5
h4_t059_cal_long_only,4,0.59,False,True,0.4970033935449967,-0.07211759122087225,-0.002513607447312771,26,0.46153846153846156
h4_t057_cal_long_only,4,0.58,False,True,0.4970033935449967,-0.07430725487258927,-0.0025885399300845657,26,0.46153846153846156
h4_t056_cal_long_only,4,0.57,False,True,0.4970033935449967,-0.15331393328061008,-0.0055649530698203,26,0.4230769230769231
h4_t056_long_only,4,0.56,False,True,0.4970033935449967,-0.15331393328061008,-0.0055649530698203,26,0.4230769230769231
h8_t054_cal_long_only,8,0.54,False,True,0.4968473800975679,-0.24101981602092598,-0.036543578461175175,131,0.5267175572519084
h8_t053_cal_long_only,8,0.53,False,True,0.4968473800975679,-0.2515607179487401,-0.03810081655526387,130,0.5307692307692308
h6_t053_cal_long_only,6,0.53,False,True,0.4927701048784879,-0.30884560277860096,-0.05571834822127175,205,0.4975609756097561
h6_t054_cal_long_only,6,0.54,False,True,0.4927701048784879,-0.30884560277860096,-0.05571834822127175,205,0.4975609756097561
h4_t053_cal_long_only,4,0.53,False,True,0.4970033935449967,-0.3898521063081058,-0.061385597821536964,218,0.5
h4_t054_cal_long_only,4,0.54,False,True,0.4970033935449967,-0.3898521063081058,-0.061385597821536964,218,0.5
h4_t055_cal_long_only,4,0.55,False,True,0.4970033935449967,-0.3898521063081058,-0.061385597821536964,218,0.5
h6_t055_cal_long_only,6,0.55,False,True,0.4927701048784879,-0.566940332004627,-0.06511911348554889,94,0.40425531914893614
h8_t055_cal_long_only,8,0.55,False,True,0.4968473800975679,,0.0,0,"(None, None)"
h8_t056_cal_long_only,8,0.57,False,True,0.4968473800975679,,0.0,0,"(None, None)"
h8_t056_long_only,8,0.56,False,True,0.4968473800975679,,0.0,0,"(None, None)"
h8_t057_cal_long_only,8,0.58,False,True,0.4968473800975679,,0.0,0,"(None, None)"
h8_t059_cal_long_only,8,0.59,False,True,0.4968473800975679,,0.0,0,"(None, None)"
h8_t060_cal_long_only,8,0.6,False,True,0.4968473800975679,,0.0,0,"(None, None)"
h8_t060_long_only,8,0.6,False,True,0.4968473800975679,,0.0,0,"(None, None)"
